"1",828.557416955707
"2",883.4981279333
"3",903.701165268582
"4",895.415522477571
"5",858.522572881988
"6",893.488534860597
"7",892.074262474752
"8",920.31838627847
"9",841.567799987221
"10",845.302926020089
"11",846.280235163845
"12",861.766213546513
"13",884.420039789292
"14",907.691229698652
"15",957.671245759239
"16",2001.8814448861
"17",1911.47139405697
"18",1506.15364873266
"19",1293.99637072635
"20",1393.40060362757
"21",1694.37055939822
"22",1639.65796103103
"23",1817.91113032907
"24",2071.54320957828
"25",2830.40578380037
"26",2669.160582899
"27",812.391270525244
"28",804.132900411786
"29",958.140666093219
"30",832.325085716583
"31",853.584393028101
"32",887.747246373218
"33",890.207584894193
"34",922.671323491016
"35",852.304028013324
"36",895.235309297673
"37",1808.79844172503
"38",1830.64554201142
"39",1747.59395353634
"40",1760.72011512332
"41",1500.30126798193
"42",999.773081403105
"43",978.502373551469
"44",1153.4211263634
"45",1122.03907690806
"46",1006.12119369862
"47",1070.10376730034
"48",933.224193052716
"49",946.644972700722
"50",1062.20748693832
"51",935.089160995739
"52",924.11264250858
"53",858.208166430188
"54",859.462477648186
"55",818.103332562762
"56",829.280316395177
"57",823.211205937912
"58",820.823946338684
"59",830.024408073699
"60",832.430734608221
"61",821.308736852577
"62",902.045202146923
"63",1240.15417351797
"64",2873.81213373645
"65",1332.54885678999
"66",1352.23814919275
"67",1885.07516527709
"68",2583.51529986551
"69",2262.01346440469
"70",2036.07626949078
"71",1406.53401893355
"72",1671.90051741437
"73",1509.92232080598
"74",877.50803502531
"75",1458.31278209612
"76",3181.37638616419
"77",1712.64681911406
"78",1708.72880756737
"79",1800.1978953399
"80",1731.74410815873
"81",1911.026037474
"82",1918.90543708125
"83",2079.80444338968
"84",2022.56518153065
"85",2183.90023017724
"86",2658.04073635654
"87",2483.82351681159
"88",4745.01315258451
"89",2981.19601852777
"90",3125.62700970473
"91",3022.77105532699
"92",3350.1430924207
"93",3769.30060381073
"94",2868.09237412788
"95",4250.31203207648
"96",1544.19269441837
"97",1278.33498703709
"98",1703.30931365933
"99",2214.07699297884
"100",3848.16092720386
"101",2367.88885774411
"102",3868.92457758167
"103",1814.55209929021
"104",1180.90288808366
"105",1291.66687429538
"106",1434.63311245059
"107",1192.1301354704
"108",1389.87510553791
"109",1604.04427569303
"110",1629.96136574069
"111",1640.78022955611
"112",1589.0955304954
"113",1247.47945327101
"114",1254.91477007621
"115",1934.76588590468
"116",1484.48514535693
"117",1465.61071984851
"118",2013.04439390756
"119",2353.68636164277
"120",2004.44431802767
"121",2022.50099447534
"122",1659.50864664184
"123",1438.10997831303
"124",1241.79300928364
"125",1181.75504517838
"126",1158.06320607713
"127",4625.31307227999
"128",4050.28854200009
"129",6715.92220623278
"130",1933.24376850309
"131",1958.05191125747
"132",1949.70253547921
"133",1784.36600392951
"134",1599.05620529951
"135",1519.56940545337
"136",1472.5837914171
"137",1583.79255494617
"138",2112.14942807554
"139",3217.81529704935
"140",1420.426735069
"141",1302.85785077611
"142",1376.66160181818
"143",1272.21580874193
"144",1087.37510200564
"145",1188.72796484413
"146",1057.85639880656
"147",1094.62161379168
"148",4014.3876087945
"149",2607.86993476743
"150",2389.69600947671
"151",4781.66832210165
"152",7099.83242755936
"153",5827.56163549738
"154",4537.58588578678
"155",1213.4801072789
"156",839.39736970109
"157",816.571201437455
"158",830.535507364089
"159",882.284310674527
"160",1054.31574835504
"161",1070.49912428679
"162",989.379165083194
"163",1030.29724836573
"164",1340.33027695589
"165",1466.80258228442
"166",1742.68739878411
"167",1395.43130469184
"168",1844.07174753741
"169",1889.46867696166
"170",1605.49766507587
"171",1717.39365136118
"172",1882.67786680317
"173",2356.06823161661
"174",1143.02604263109
"175",1245.62975082117
"176",1380.84690674523
"177",1393.66490234633
"178",1328.41002421184
"179",1544.40148168291
"180",1439.20480958627
"181",1473.20716821176
"182",1482.61038810179
"183",1593.77240573752
"184",1942.96578955605
"185",2026.50343878174
"186",2022.08513711346
"187",3394.46177107219
"188",2660.51501079178
"189",1164.19986859128
"190",1425.11510567125
"191",1522.63157490938
"192",1592.33519416588
"193",1545.83752291591
"194",1503.75634883003
"195",1538.37661003786
"196",1727.69635906047
"197",1574.78506643521
"198",1396.99028523808
"199",1472.51200775312
"200",1262.57146830653
"201",1145.5916132159
"202",1170.62590589052
"203",1155.54567694736
"204",1046.74459656605
"205",9230.22475737179
"206",8487.57744131384
"207",4638.11827354339
"208",8500.10314034444
"209",8278.00724408034
"210",8185.86757592792
"211",9410.22146118706
"212",7961.15551483317
"213",5293.15307243436
"214",4898.92078856958
"215",6511.03659208936
"216",8201.90278411013
"217",9190.8505116293
"218",7476.05384636823
"219",6848.23904139889
"220",7561.51405512848
"221",7399.94444722113
"222",6366.89571710028
"223",5637.36223883152
"224",5142.25293960484
"225",5166.24026247424
"226",4587.20668973734
"227",4576.48244050995
"228",4522.79172335895
"229",4678.78639472483
"230",5070.66868753264
"231",5199.7638009679
"232",6623.41735959284
"233",4843.33614807765
"234",4619.3161071747
"235",4696.37293274379
"236",7089.00653313054
"237",8364.0579504613
"238",5639.77006431657
"239",5084.60730034293
"240",4828.29453602441
"241",5038.72334403561
"242",4665.48142807737
"243",4732.89622793419
"244",4626.70480049722
"245",4772.29773881516
"246",4659.22117674989
"247",4696.00514225809
"248",4483.91058211795
"249",4461.86312357006
"250",4709.20434625806
"251",4678.7801278578
"252",4663.61669384919
"253",6947.56339627419
"254",6738.76989855486
"255",6422.75518697643
"256",1212.53745786631
"257",1215.17547480426
"258",1239.71052425759
"259",1155.19380651939
"260",1150.23831231553
"261",1261.30934567493
"262",1212.5709826501
"263",1496.51891494763
"264",1512.43433035119
"265",1773.50233578327
"266",1264.68796185693
"267",1537.71182863462
"268",2521.8527011203
"269",1981.93027190196
"270",2795.94955741866
"271",2748.2686383032
"272",1348.27342450343
"273",1447.26865480579
"274",1310.79800331491
"275",1218.14176206263
"276",1369.21486362545
"277",1188.45851730318
"278",1583.54939310091
"279",2838.79437319124
"280",3057.36257411746
"281",2809.10029563495
"282",4119.37441397205
"283",3795.78183621725
"284",4512.17435720176
"285",2918.33017955527
"286",4260.61665332939
"287",3802.60716145334
"288",3901.01203182713
"289",4023.57532125527
"290",3536.73395982508
"291",3293.56048371822
"292",3252.46477486035
"293",3150.37320577319
"294",2997.82582663037
"295",3116.23788237907
"296",3242.7269301822
"297",2907.21984181319
"298",2767.39665976723
"299",3434.7189473952
"300",3382.94536192184
"301",1487.21634239648
"302",1521.00160805142
"303",1289.28595400247
"304",1548.05932232133
"305",1764.24175986356
"306",2429.5683155443
"307",1954.23126553366
"308",1803.77692720982
"309",3012.62076621852
"310",1980.70178277259
"311",3706.65147653443
"312",3795.30685685494
"313",3945.95307065859
"314",3605.80813042543
"315",2291.21977502528
"316",2188.87705612064
"317",1949.81309155243
"318",2382.84140177201
"319",3753.22798572999
"320",5880.2327685292
"321",8268.22327831893
"322",6575.91718465984
"323",4352.56715826518
"324",4077.19628054469
"325",5286.79885572318
"326",5334.9987199933
"327",5366.902577601
"328",5482.81209622538
"329",5650.51351760518
"330",4390.41578205854
"331",4321.0021050407
"332",3603.09806761316
"333",3716.04185382499
"334",3552.29985405463
"335",4336.94653093608
"336",3957.25389061728
"337",4250.41796722053
"338",4200.98566863708
"339",3740.26317164298
"340",2001.74492030165
"341",3632.1544852749
"342",3743.12657371165
"343",707.500772486675
"344",827.675966205249
"345",780.52997037948
"346",821.033732365526
"347",721.093287090064
"348",711.075719184255
"349",720.798635764561
"350",688.910115838127
"351",694.224123819787
"352",778.246899865155
"353",737.081141319227
"354",716.611614301613
"355",811.102697786041
"356",830.598236009819
"357",843.571806820186
"358",786.895569412237
"359",770.229802291292
"360",750.184211315349
"361",814.578459449717
"362",829.579699444543
"363",1111.69314380994
"364",1129.62152206285
"365",1021.44824118718
"366",943.123111223859
"367",1270.45042145387
"368",1065.45585420417
"369",1295.00746633779
"370",861.502362039898
"371",860.895381324834
"372",829.719644576508
"373",787.638349947054
"374",1014.42255999311
"375",1311.36778366276
"376",994.48526772705
"377",760.674007281371
"378",803.689126132845
"379",843.081460380308
"380",896.285306843017
"381",878.464447632651
"382",950.298984895759
"383",948.671095133113
"384",988.401232914349
"385",966.651406584429
"386",882.393968873237
"387",2100.9016405754
"388",2102.35765938936
"389",2407.70147440456
"390",2563.13723016636
"391",1525.18384886935
"392",1666.83719745786
"393",1320.74673163195
"394",1830.926855425
"395",2395.95618423898
"396",2717.49589010158
"397",3546.05006823694
"398",1704.30167631845
"399",826.757327671995
"400",617.798328502041
"401",662.404158492441
"402",600.851979301378
"403",601.089890775457
"404",615.468559595444
"405",636.239296207215
"406",646.706477779243
"407",648.367900175895
"408",652.962148661468
"409",716.532659509165
"410",727.748859435987
"411",602.105130568945
"412",673.12935180489
"413",645.773351421537
"414",669.998320957963
"415",670.134971119301
"416",662.277613546475
"417",652.799303113836
"418",662.1925536537
"419",1990.30707797515
"420",2534.41330587984
"421",3029.80727819022
"422",3899.81069498692
"423",4410.71183556722
"424",4454.66934076566
"425",3887.31764495594
"426",4399.82246813378
"427",2990.59774881314
"428",3171.64131000671
"429",2702.88538079713
"430",2697.34035609887
"431",2898.76776200603
"432",2444.15295724883
"433",2448.28024415807
"434",953.023204193885
"435",779.76779597108
"436",1112.94595349282
"437",950.554701526132
"438",1089.48808866422
"439",859.149375242588
"440",1027.23485952436
"441",1316.21472129755
"442",1745.14131577167
"443",1266.16484944561
"444",1804.11243345569
"445",859.438482267586
"446",918.876090828161
"447",1034.65043913447
"448",896.37621047909
"449",924.096068329728
"450",1076.81578199499
"451",969.742650733986
"452",987.681788033122
"453",990.099549875919
"454",975.168142037036
"455",948.790834704172
"456",1120.85637111267
"457",1130.72805633655
"458",1226.27457762621
"459",1272.49679481772
"460",1162.10930398651
"461",1095.84331936579
"462",1100.29166536361
"463",1072.41152986037
"464",1028.18571859923
"465",1015.32734173777
"466",1041.88127487012
"467",1035.06005934027
"468",1075.16956325248
"469",1023.26759690162
"470",972.598422554663
"471",1074.84121167413
"472",995.494822412477
"473",906.402165299373
"474",1241.441796068
"475",1064.80601255567
"476",1004.42105990453
"477",1034.63497409512
"478",939.801069503752
"479",932.241945999389
"480",912.687473990862
"481",5283.60929418401
"482",4239.95437424222
"483",4387.66647222545
"484",4681.12347782166
"485",4067.82949600021
"486",3479.72507082021
"487",3223.01562815092
"488",3075.18619025686
"489",3262.56294898032
"490",2981.82154000239
"491",2743.75348757304
"492",2582.31298074106
"493",2762.1127178045
"494",3245.9968216522
"495",3901.82210870996
"496",3848.08631401984
"497",3199.8208261178
"498",2647.66443188278
"499",2422.79569983401
"500",2292.37670110575
"501",2277.54720447028
"502",4958.44450139996
"503",4110.55983702708
"504",4819.76336016498
"505",4289.29106004975
"506",3525.71739540201
"507",5081.55814784379
"508",4642.30302060892
"509",4824.1374332253
"510",5372.00954972647
"511",4112.47540700479
"512",3691.78940657885
"513",3357.73448265984
"514",4526.01558790972
"515",3945.51272132214
"516",3560.5580662925
"517",4225.08390118544
"518",3817.62889900264
"519",3481.71623091242
"520",1271.69971938971
"521",672.587994626123
"522",1376.2519018735
"523",973.916893107811
"524",624.473969042701
"525",2138.06416990579
"526",1140.37903527063
"527",1407.66693847002
"528",1148.92139475238
"529",872.052672080742
"530",807.719156168747
"531",1181.24553630989
"532",2010.24058585359
"533",2035.0281377653
"534",2204.29249758985
"535",2049.53090583982
"536",2288.06322805111
"537",2242.75452848838
"538",2210.13262683883
"539",2191.34478357072
"540",2372.31779449588
"541",816.691837385053
"542",776.530013436408
"543",765.554159037367
"544",790.033910777384
"545",739.486421735213
"546",703.480199068826
"547",891.484168174497
"548",919.633880428757
"549",1637.17165185411
"550",1636.79561808257
"551",802.98687070476
"552",1868.23437714711
"553",764.073676168506
"554",941.562909305105
"555",714.799819523448
"556",2092.68257760402
"557",814.510530942553
"558",2434.94995103714
"559",1299.62090079837
"560",591.696496519806
"561",591.5245412114
"562",642.453445208099
"563",1095.34066331852
"564",1201.61715501713
"565",1200.90726191028
"566",1132.80205576149
"567",1092.43910897837
"568",1080.91343587572
"569",1143.59642783503
"570",1180.48173260854
"571",1194.87178024827
"572",1222.64776567795
"573",1410.08261155355
"574",1159.63165807674
"575",1188.51866907873
"576",1610.37288054819
"577",1352.3095296563
"578",1255.7554220856
"579",1404.45872566888
"580",1307.65817621414
"581",1183.77046362129
"582",1108.84280334454
"583",1111.71128096837
"584",1108.72694587056
"585",1044.54816630265
"586",1319.25476066253
"587",1324.60690091174
"588",1173.19414471783
"589",1306.83392958466
"590",1183.57279310788
"591",1140.93278638758
"592",1124.96062908634
"593",1348.34013171358
"594",1443.47738598947
"595",1165.20878668637
"596",1146.09215923192
"597",1516.72694316088
"598",1439.63156157286
"599",1488.49797596257
"600",1221.91811352755
"601",1195.77467357863
"602",1023.60215961092
"603",1444.52570785697
"604",1220.23785351378
"605",939.280318995016
"606",1050.12656990334
"607",1143.58707495106
"608",980.202799125433
"609",1026.51454135784
"610",1015.12322564826
"611",1448.11537859674
"612",1051.11119599867
"613",1250.14432040307
"614",1369.58410366248
"615",1020.78714833284
"616",903.261736580216
"617",1063.38033336291
"618",1179.16942715381
"619",915.126206737415
"620",1016.36365785589
"621",1101.8019259954
"622",1093.27858737336
"623",924.819051745879
"624",1024.40803761035
"625",1430.62592735199
"626",1459.85341297117
"627",1468.1596237974
"628",899.774901520501
"629",1098.25683757333
"630",1191.53243858645
"631",1056.09010487198
"632",1066.43049506491
"633",907.627308453921
"634",1258.60000012716
"635",950.770827326109
"636",1121.18553816584
"637",1049.68194129167
"638",1100.22912147832
"639",908.046103040029
"640",1060.66455610388
"641",856.041013346783
"642",850.115147580798
"643",848.792801726651
"644",2703.42064813785
"645",2015.04696969534
"646",2578.08444330523
"647",2211.42056627086
"648",1983.83359248318
"649",1989.22513530699
"650",2002.98064312488
"651",1903.75333609416
"652",1989.7952409056
"653",2113.18660516452
"654",2796.89358876357
"655",1962.72194178337
"656",1973.10240935783
"657",1924.98876126249
"658",2278.89294912861
"659",1962.18000336711
"660",1983.63270325036
"661",2004.64259473821
"662",2414.89385122314
"663",1859.16568272525
"664",1981.68314873416
"665",1852.26592951862
"666",2146.85798112776
"667",1931.00163216346
"668",1967.35965301382
"669",2176.14560859442
"670",1651.70191104447
"671",1255.87859893591
"672",1359.99041430438
"673",1812.15844150768
"674",1370.46113963694
"675",1315.09133960725
"676",1430.628491621
"677",1719.10097597841
"678",1576.39735050102
"679",1864.26178000424
"680",1531.33316710187
"681",1319.64302227491
"682",1249.02272188183
"683",1472.73850500312
"684",1206.14032174119
"685",1178.31242002306
"686",1392.05328755853
"687",1585.67777243625
"688",1390.35982475264
"689",1958.40384642876
"690",1460.88830515422
"691",1283.4334968067
"692",1722.44892128595
"693",1701.2311825707
"694",1588.63458850689
"695",1706.54745361388
"696",1702.44987787936
"697",1797.89813710784
"698",1615.38595026692
"699",1245.62792007388
"700",1674.0625943615
"701",1326.36037592128
"702",1390.80391702967
"703",1889.74543137479
"704",1186.02177683307
"705",1027.37647164806
"706",1401.54448334993
"707",1975.14174166639
"708",1789.30220654351
"709",1761.63515750473
"710",1186.08390128289
"711",1203.08395683556
"712",1672.79344959692
"713",2010.89730604887
"714",1788.72416519292
"715",1783.0667117121
"716",1671.21489767575
"717",1341.63793328732
"718",1242.61041264529
"719",1468.35296007533
"720",1150.23417270253
"721",1140.00155903901
"722",2190.60150810738
"723",1936.72605122067
"724",1621.85027973023
"725",1265.3274469335
"726",1295.87936932339
"727",1614.04329154123
"728",1465.23838937916
"729",2170.51936861404
"730",1342.79308375012
"731",1235.40073747978
"732",1091.95253603329
"733",1199.4931474008
"734",1474.88889079737
"735",1320.97400691021
"736",1396.60739391354
"737",1286.58955808508
"738",1116.9412177172
"739",1084.34735473798
"740",1118.50271198975
"741",1093.05750721041
"742",1416.42714873304
"743",1458.15541215234
"744",1409.14863029446
"745",1130.57495158431
"746",1180.8432745663
"747",1348.14060874722
"748",1728.26798619613
"749",1444.14125266213
"750",1573.80854472558
"751",1379.88632540909
"752",1720.22436007294
"753",1647.83993006871
"754",1536.59371384663
"755",1472.96470442065
"756",1376.3097758015
"757",1332.29099613114
"758",1317.21929734536
"759",1647.05321484449
"760",1489.06095385766
"761",1444.58705613359
"762",1507.72280061974
"763",1379.74092251398
"764",1304.51310211445
"765",1536.28848936645
"766",1384.21356231785
"767",1537.75052616803
"768",1699.57724571902
"769",1498.40313489453
"770",1700.15842249023
"771",1633.08146098032
"772",1173.70389948644
"773",1073.85405225232
"774",1084.420775517
"775",1756.08511280844
"776",1184.00261811778
"777",1426.85464837075
"778",1955.61888465326
"779",1400.49967859942
"780",1459.28300454795
"781",1395.43580702314
"782",1394.78219490202
"783",1369.61760597075
"784",1370.19178878699
"785",1365.97497461789
"786",1268.22124793528
"787",1719.44444141572
"788",1868.72815967447
"789",2131.61278668635
"790",1774.56811114799
"791",1726.74324487957
"792",1666.24113155743
"793",1553.80687352355
"794",1789.13498278407
"795",1123.01846665678
"796",1326.99068181481
"797",1684.73825971705
"798",1396.86489360993
"799",1691.15281768296
"800",1395.47268567033
"801",1409.86859850934
"802",1548.5491986862
"803",1468.47076453583
"804",1961.48328844261
"805",1922.99424571347
"806",1766.77795707728
"807",1738.87789888241
"808",1013.25181639936
"809",1670.16216395556
"810",1360.07819623581
"811",1323.12743880127
"812",1328.77676663136
"813",1350.45817534871
"814",1334.36443111418
"815",1083.22134046994
"816",1258.34055935851
"817",1504.64822781141
"818",1350.53245939998
"819",1502.0126830694
"820",1262.79477801263
"821",2179.9957928668
"822",3104.80006438673
"823",2281.13684217173
"824",2792.17629930706
"825",1940.92985051752
"826",1837.40928345152
"827",2842.1927836032
"828",2060.78678928711
"829",1774.18394099855
"830",2423.62788084917
"831",2010.31742020039
"832",2551.80860443758
"833",2859.63643285335
"834",2501.17503726555
"835",2303.11156212237
"836",2385.84938190532
"837",2096.59818184917
"838",2629.6111756294
"839",2951.28338440001
"840",2724.18807723736
"841",3358.49374237516
"842",3311.07860336726
"843",1360.1307867643
"844",1357.8609569975
"845",1358.40878313794
"846",1355.30708001517
"847",1357.55102519733
"848",1131.16800710499
"849",1416.52137524026
"850",1362.37988443043
"851",1362.09531938853
"852",1355.7654734836
"853",1229.30844568734
"854",1488.46136351947
"855",1430.35104434217
"856",1402.00907129813
"857",1473.86472215876
"858",1383.95638042573
"859",1351.8643628993
"860",1050.58504708492
"861",1329.54466855617
"862",1331.1177393353
"863",990.1480669022
"864",990.980920844465
"865",1032.17169966162
"866",1105.96623362544
"867",1081.17719474774
"868",1315.29316546837
"869",1302.21840338535
"870",1279.37369874345
"871",1080.81049823388
"872",896.32268405766
"873",953.570601056068
"874",974.561568137623
"875",919.569131634294
"876",1322.79579607839
"877",1088.61597268355
"878",992.111361930066
"879",1008.13678966
"880",2296.80415476801
"881",3493.40402006915
"882",3109.10907927067
"883",2666.84234953685
"884",2998.86455465636
"885",3538.30700217068
"886",1857.4498213929
"887",2557.53618929157
"888",1044.42649922052
"889",996.756717183671
"890",1811.83361943222
"891",1488.12207301622
"892",1181.44085839237
"893",919.624475376562
"894",1014.52085039899
"895",910.801688479434
"896",894.885884049695
"897",1467.77639630172
"898",976.401075327842
"899",1470.23577869462
"900",1161.21135477794
"901",4318.62519541595
"902",1301.38715412289
"903",1098.64994282068
"904",1095.14032849214
"905",2131.86521624168
"906",926.844008591987
"907",969.319242228632
"908",1237.39580583239
"909",1445.8469144854
"910",931.890401793282
"911",1040.56324708759
"912",1388.54164880144
"913",1355.51335516521
"914",1017.74462921045
"915",996.596649839743
"916",984.643672389564
"917",819.788553776705
"918",849.523571925866
"919",894.745658050331
"920",925.777372995389
"921",841.044223758275
"922",830.144383948612
"923",804.85322749259
"924",804.364485562864
"925",849.153738568836
"926",863.230299195849
"927",787.613170453359
"928",1277.85494260343
"929",1289.78182214502
"930",1169.47930748391
"931",1385.84584902158
"932",1429.02778984164
"933",1410.89767576397
"934",1448.86212092385
"935",1364.18549170792
"936",862.110352842296
"937",808.575163511611
"938",798.728901477976
"939",788.93049642838
"940",772.257943753431
"941",906.449615063189
"942",938.021748447215
"943",1025.30429957804
"944",981.349930527812
"945",1037.80712051129
"946",986.921634391205
"947",1048.3625680783
"948",789.975500045388
"949",903.258612428069
"950",812.815809866263
"951",1601.53946466008
"952",1400.28847417925
"953",838.991345361704
"954",1371.66089671398
"955",1019.67924727459
"956",1468.47088851608
"957",1502.31174618626
"958",1502.88971537538
"959",835.739446280431
"960",874.691638575315
"961",1442.57990797183
"962",824.06887849848
"963",774.251527344723
"964",868.766348552464
"965",878.178577007678
"966",920.785223828165
"967",1458.84857821202
"968",865.8600428922
"969",1165.42733879917
"970",1133.10833114691
"971",1442.23580117814
"972",913.796912717306
"973",942.269418303149
"974",1279.89936412887
"975",981.204211265029
"976",892.868476781799
"977",1203.53748173133
"978",1539.66100611911
"979",1495.61022292505
"980",1400.74496307817
"981",1291.36987117709
"982",1323.27443288689
"983",1326.44761590531
"984",1314.70881450676
"985",1201.22440839299
"986",1193.16305253124
"987",1096.96813842739
"988",1091.15760835349
"989",1252.54267621784
"990",1201.17540621308
"991",1272.80803625405
"992",1476.25562035308
"993",1197.52785046973
"994",1212.1076476166
"995",1118.2264503621
"996",1027.41276410752
"997",1036.14939404625
"998",1337.62645378515
"999",1214.78411181293
"1000",1143.52951466859
"1001",1335.93899861191
"1002",1715.71751762725
"1003",1593.9231439463
"1004",1594.81877671249
"1005",1585.88400525915
"1006",1549.97362914779
"1007",1523.94921513871
"1008",1501.64171672758
"1009",1458.03759140479
"1010",1555.62263267764
"1011",1569.76011369485
"1012",1645.20740115368
"1013",1623.16442406066
"1014",1652.77641234176
"1015",1644.26932065652
"1016",1531.97501296371
"1017",1507.81365245319
"1018",1253.15756033155
"1019",1099.73811061508
"1020",1157.25828041175
"1021",1402.7634307563
"1022",1756.71073847632
"1023",1738.2683794324
"1024",1671.78577263303
"1025",1715.25109024672
"1026",1477.41612869075
"1027",1564.19095081837
"1028",1454.92520280115
"1029",1549.95344474227
"1030",1463.73312240192
"1031",1487.65558474953
"1032",1538.56380867897
"1033",1500.45304797462
"1034",1471.39555691929
"1035",1513.97947029476
"1036",1698.04761895722
"1037",1593.77268920391
"1038",1617.8202447453
"1039",1485.23940745145
"1040",1146.84188829941
"1041",1280.28170053186
"1042",1246.80115375973
"1043",1124.87263015473
"1044",1087.26794218681
"1045",1088.99277153064
"1046",1140.19066986572
"1047",1163.03015283229
"1048",1088.19998769022
"1049",1304.41465783017
"1050",1308.01876453325
"1051",1086.648567174
"1052",1082.13553098144
"1053",1002.25820417001
"1054",976.963861567481
"1055",1014.40420928549
"1056",1018.95162908219
"1057",864.522024149591
"1058",773.825984942891
"1059",901.423065498446
"1060",1072.86829935682
"1061",950.243102470861
"1062",897.048762976787
"1063",1039.024733561
"1064",788.661585932661
"1065",2202.35561682041
"1066",1876.58501314188
"1067",2100.75744781597
"1068",2305.00265673158
"1069",2167.67313838889
"1070",2123.85622486272
"1071",2266.72701488892
"1072",2187.66499791604
"1073",1138.44759427482
"1074",811.786478619519
"1075",790.226853430966
"1076",795.737338136265
"1077",772.743640059085
"1078",2128.79719147
"1079",2163.278818798
"1080",1607.56186978828
"1081",2382.98544581645
"1082",1967.02927463664
"1083",2036.584246769
"1084",1755.63833595745
"1085",2059.95084624037
"1086",1953.24503138597
"1087",2073.12702491501
"1088",2068.22266368615
"1089",2060.1037581943
"1090",2110.30882087828
"1091",2002.90065992727
"1092",1996.43361297822
"1093",1873.80019600608
"1094",1998.01566406093
"1095",1497.20115719131
"1096",1132.46474316551
"1097",1221.90492941441
"1098",875.456784389845
"1099",1317.43368641498
"1100",1560.47067644921
"1101",939.268068258879
"1102",1484.50807545926
"1103",2043.83702111485
"1104",998.077028826699
"1105",1329.21840534561
"1106",1418.61505919907
"1107",1285.32908075812
"1108",1224.69775273364
"1109",1321.19532198201
"1110",1218.39064104917
"1111",1419.76160524708
"1112",1695.26684656641
"1113",1470.23252795542
"1114",1299.35012311617
"1115",1157.56040132209
"1116",848.805417334557
"1117",920.323064626997
"1118",1421.63402542937
"1119",907.791984465966
"1120",1125.76772404766
"1121",860.312907379734
"1122",947.811346001188
"1123",841.445620709283
"1124",985.655529698965
"1125",953.424164036697
"1126",1061.10243164452
"1127",1431.29855906925
"1128",1262.36714789836
"1129",894.448038753967
"1130",807.436465248877
"1131",948.363415312877
"1132",801.900081857225
"1133",1093.6750408843
"1134",1041.30357664023
"1135",1114.41070544501
"1136",1211.4168861971
"1137",4330.62784858524
"1138",3496.83413026029
"1139",3370.28338010541
"1140",2322.12577867306
"1141",2331.68348846605
"1142",1832.15660779727
"1143",1388.40098585542
"1144",2031.71992512932
"1145",1428.28421573861
"1146",3179.39093714883
"1147",2018.79711836334
"1148",4699.57614741524
"1149",3261.79615079176
"1150",2302.71307532732
"1151",4154.96001683272
"1152",1936.83510294931
"1153",1591.30297492756
"1154",1523.55949736841
"1155",1275.30542555022
"1156",1253.04479804655
"1157",1247.42307443815
"1158",1251.62172000811
"1159",1689.45025163719
"1160",1782.13410415058
"1161",1957.89019149441
"1162",2397.61915227484
"1163",1459.03341882065
"1164",2514.53930603148
"1165",2749.66317697789
"1166",2162.95806348088
"1167",1677.12843380308
"1168",1540.41049696028
"1169",1637.17103327299
"1170",1534.49362896415
"1171",1455.87394710833
"1172",1512.38427727159
"1173",1581.6805750322
"1174",1682.91483560752
"1175",1610.90124640851
"1176",1698.76226965884
"1177",2039.999657587
"1178",1967.38689817235
"1179",2035.48997621201
"1180",1692.82515017338
"1181",2185.78506430254
"1182",1987.00487900062
"1183",2467.50260305212
"1184",2749.30434449349
"1185",2098.36763717682
"1186",1781.03670489559
"1187",1788.61790906656
"1188",1823.50106513776
"1189",1443.84401023166
"1190",1874.25576003678
"1191",2015.89670234009
"1192",2566.38021760951
"1193",2571.17076666675
"1194",1859.89406727956
"1195",1604.06259441925
"1196",1853.80584087985
"1197",1810.7582722655
"1198",1741.61371033563
"1199",3698.93419349134
"1200",2615.70569338384
"1201",1867.78291679417
"1202",1789.8456344133
"1203",2017.64370711477
"1204",2139.23308430761
"1205",1472.20779736094
"1206",1552.05607495856
"1207",1866.56068010958
"1208",1151.59250226784
"1209",1159.28351171881
"1210",1240.65972129357
"1211",1213.86482040995
"1212",1713.5523582743
"1213",2080.08861271148
"1214",1851.51441120553
"1215",1761.83799504762
"1216",1706.61995594363
"1217",2264.79796590387
"1218",2646.82626644793
"1219",2353.96035126195
"1220",1489.48514627152
"1221",1366.12039790473
"1222",1487.7550919484
"1223",2712.30683250518
"1224",2602.30136113219
"1225",2686.59495251267
"1226",2470.62349862589
"1227",2552.82293255462
"1228",1388.11961345279
"1229",1708.0846503386
"1230",2277.38201931094
"1231",2322.43770628252
"1232",1998.71489337735
"1233",1702.13352417446
"1234",1919.54475045527
"1235",2130.19952137187
"1236",1978.16193893679
"1237",1907.35002475134
"1238",1034.08428466483
"1239",841.469245418138
"1240",848.791648252348
"1241",772.375731549512
"1242",968.424236135897
"1243",1090.8605348573
"1244",1037.93517904143
"1245",998.173221323759
"1246",934.324268949127
"1247",890.938143812058
"1248",1542.81393072059
"1249",1937.67626234029
"1250",1629.50146941585
"1251",1430.12169030802
"1252",1549.0190582849
"1253",1697.56964065083
"1254",1651.3411284897
"1255",1553.41600674793
"1256",1362.42332778965
"1257",1256.8734139522
"1258",1151.3941616206
"1259",1158.28848444278
"1260",1152.89266698483
"1261",1099.94731128181
"1262",1174.40922283816
"1263",1150.41290275859
"1264",1288.37116966013
"1265",1183.63136263235
"1266",1147.34501132919
"1267",1141.32505871576
"1268",1390.72568558393
"1269",1181.65188908593
"1270",1167.7596442931
"1271",1185.78940076508
"1272",1146.29171572299
"1273",1128.78653913214
"1274",1159.18472306385
"1275",1184.63507091131
"1276",1413.4537906096
"1277",2301.55627171096
"1278",2351.17411104879
"1279",1941.09845775845
"1280",1471.61279531079
"1281",1433.45191583647
"1282",1481.03362771764
"1283",1766.13555620677
"1284",1487.69348670793
"1285",1929.13749732211
"1286",2350.99587915679
"1287",1776.09561464316
"1288",1050.658326444
"1289",1770.1202672387
"1290",2148.68949743585
"1291",1126.39484852081
"1292",1702.37572360957
"1293",1901.13982065316
"1294",1713.93077961605
"1295",2135.92714648825
"1296",1886.57768258908
"1297",1938.97895048167
"1298",1939.4447092939
"1299",2103.4029969457
"1300",1035.32969749254
"1301",1361.40830943173
"1302",1098.78227493087
"1303",1250.59455462407
"1304",1285.76252795197
"1305",1317.81951155804
"1306",1212.98907160011
"1307",1379.85622073291
"1308",976.796674926153
"1309",1144.27468232441
"1310",1144.75355327772
"1311",1327.65170815057
"1312",1170.46696113956
"1313",1237.05527968627
"1314",1311.08955844428
"1315",1246.07312865937
"1316",1728.63199833666
"1317",1684.43293129463
"1318",1436.12442910428
"1319",1685.80627935917
"1320",1931.86307657238
"1321",1859.1935253432
"1322",1566.37254067056
"1323",1444.21702380682
"1324",1444.39578579146
"1325",1949.24857367115
"1326",789.579208066467
"1327",723.555641233777
"1328",708.497953621737
"1329",741.966246257428
"1330",704.44732515478
"1331",756.096842928804
"1332",713.301122255869
"1333",700.271757977745
"1334",847.185024963512
"1335",821.723240651052
"1336",937.669062790074
"1337",1077.85925855114
"1338",1068.18320162944
"1339",932.032744496787
"1340",907.993026759429
"1341",968.104541304602
"1342",1015.7369216154
"1343",2123.60591778192
"1344",1768.53134790965
"1345",1262.42482029927
"1346",1206.21993682057
"1347",1751.41451695025
"1348",1510.44059805519
"1349",1666.28255221387
"1350",1897.10296154196
"1351",1379.82494051428
"1352",2707.87465745816
"1353",1454.39809438647
"1354",1686.46070875801
"1355",1885.44984905101
"1356",1084.48083278346
"1357",1160.11336750796
"1358",1347.19401320601
"1359",1161.5505580455
"1360",1434.54795807204
"1361",965.905332012924
"1362",1114.92950563007
"1363",1111.34752370455
"1364",1218.23651720158
"1365",1511.15559205161
"1366",1477.05655411951
"1367",1261.58354567256
"1368",1339.3289274093
"1369",996.789751828075
"1370",951.681106525601
"1371",918.922417735332
"1372",789.955858717569
"1373",838.260164175889
"1374",888.125750179876
"1375",808.634494588597
"1376",785.477219359336
"1377",828.722590747928
"1378",838.740585174343
"1379",810.444758041092
"1380",797.844598657671
"1381",816.052469356238
"1382",896.453921232506
"1383",825.178473394287
"1384",782.122203278373
"1385",1061.87501762243
"1386",995.179805571672
"1387",1031.00391398678
"1388",1097.81184284039
"1389",925.932931643143
"1390",870.34105095521
"1391",724.993288547646
"1392",853.898529544404
"1393",829.494434023565
"1394",799.043237071594
"1395",812.941535931107
"1396",767.779629476302
"1397",771.059415793221
"1398",848.169708747269
"1399",828.705092344456
"1400",788.308312228345
"1401",802.030779569621
"1402",779.304809492345
"1403",782.292923143601
"1404",797.99581645677
"1405",788.377446642156
"1406",1092.07972985718
"1407",1056.10532617627
"1408",997.420964954408
"1409",1102.89191456689
"1410",1065.59007102187
"1411",962.763381677157
"1412",1056.42367105388
"1413",1196.18148387527
"1414",849.94112949905
"1415",1036.35513682382
"1416",1313.57919783275
"1417",1214.54414722326
"1418",824.200300803506
"1419",885.352263391898
"1420",1093.60562550655
"1421",1069.33519500741
"1422",861.006711565322
"1423",1051.87476676796
"1424",1169.72316105208
"1425",1195.17192821884
"1426",720.770975115342
"1427",728.000346962241
"1428",1034.65525679171
"1429",1070.74432654578
"1430",877.56751216893
"1431",963.625410115052
"1432",937.014754014125
"1433",1036.86776366403
"1434",1029.4871742282
"1435",1051.32847499644
"1436",1060.0792836815
"1437",844.39649119853
"1438",956.933575474535
"1439",858.092690217957
"1440",1283.29616988714
"1441",1191.51899797096
"1442",1215.18196105903
"1443",1298.53131096801
"1444",742.552679438739
"1445",1492.4634262096
"1446",1447.52615406348
"1447",1213.95402201505
"1448",768.442465316648
"1449",1169.78741954799
"1450",1049.90635117875
"1451",1134.18014557083
"1452",1048.33847426142
"1453",1095.96099903047
"1454",1276.86899312562
"1455",1407.82344055658
"1456",1555.57098123259
"1457",1501.25624575927
"1458",1515.46607296893
"1459",1551.33838463791
"1460",1535.71868738225
"1461",1623.17312015675
"1462",1421.39967458707
"1463",1482.40139604638
"1464",1529.9260882192
"1465",1519.41440727614
"1466",1598.66258724361
"1467",1509.56953829392
"1468",1586.52826816816
"1469",1611.03974472104
"1470",1524.65115365536
"1471",1486.31985084821
"1472",1543.26035942308
"1473",1540.74292078403
"1474",1513.58402634866
"1475",1609.12515690963
"1476",1849.11215163344
"1477",1905.53604881438
"1478",1944.15300516039
"1479",1697.91012963233
"1480",1744.468762267
"1481",1588.78041831965
"1482",1452.67287432686
"1483",1455.27776866488
"1484",1645.64831440499
"1485",1601.85989025543
"1486",1926.39217317985
"1487",1638.55262834242
"1488",1574.54900911959
"1489",1502.23838986411
"1490",1438.66996102401
"1491",1449.26363807898
"1492",1624.60726771058
"1493",1474.233842113
"1494",1643.11150276728
"1495",1490.82073351982
"1496",1631.61928686683
"1497",2284.29246004888
"1498",2332.34407682968
"1499",2138.81345727543
"1500",1822.18706609466
"1501",1771.91184180082
"1502",2564.2027720228
"1503",2710.14712544645
"1504",2822.6542125671
"1505",2822.40488820902
"1506",2644.86989842254
"1507",1874.38985362651
"1508",1995.40345539406
"1509",2011.25141160409
"1510",1486.35714793697
"1511",1532.56166576443
"1512",1487.70955826039
"1513",2158.49195313549
"1514",2390.50993593922
"1515",2211.34041073126
"1516",2639.9102964095
"1517",1742.1674532432
"1518",1092.06741179164
"1519",1307.50988102199
"1520",1196.48199500686
"1521",1492.63194130361
"1522",2372.37566694212
"1523",2579.57899967564
"1524",2594.56928808734
"1525",2629.29176078845
"1526",2550.24455478092
"1527",2481.83849855566
"1528",2319.89826035794
"1529",2188.39038629554
"1530",2362.60404067277
"1531",2344.67145258744
"1532",2402.69180313173
"1533",2352.48060133679
"1534",2335.22972358293
"1535",2146.0966641733
"1536",1395.44424333162
"1537",2356.26463960748
"1538",2168.59910277375
"1539",2387.12622502385
"1540",2736.86955977488
"1541",2121.66957765537
"1542",1358.90406706114
"1543",1593.21945606136
"1544",3134.57713606762
"1545",4361.69494945881
"1546",4725.9616795054
"1547",4280.90157754724
"1548",2698.24821366936
"1549",2749.53276545186
"1550",2331.1771039428
"1551",2100.96126004193
"1552",1809.86774630273
"1553",1618.32120240638
"1554",1915.38293333255
"1555",2101.34446928698
"1556",1104.20201416533
"1557",1140.81115636313
"1558",1345.2275867179
"1559",1318.5583915649
"1560",2167.03381087532
"1561",3458.96163469077
"1562",3460.74486753735
"1563",3875.12738685169
"1564",6785.80170785072
"1565",7020.33114377978
"1566",7821.3520633007
"1567",8537.40881252273
"1568",7998.83915300607
"1569",6043.75908269122
"1570",4430.95588173677
"1571",5006.2720927613
"1572",5119.67836888864
"1573",4755.4542446487
"1574",3627.72858687399
"1575",3745.98858974016
"1576",3208.59289049885
"1577",3220.68729610376
"1578",2899.68800546756
"1579",2575.89611089938
"1580",2605.25469945985
"1581",2838.05187233373
"1582",3302.30662197811
"1583",2732.42108097539
"1584",2671.97844917096
"1585",4824.1091267482
"1586",3636.72023460002
"1587",2894.78747144148
"1588",2186.03881502328
"1589",2439.39876293871
"1590",2372.01440920694
"1591",3586.83001133629
"1592",2529.81574656431
"1593",4188.81341311513
"1594",3830.25383874533
"1595",3372.30711871411
"1596",4820.04920653459
"1597",2354.91724577028
"1598",3175.29096456937
"1599",3313.85069562365
"1600",3110.8044251976
"1601",3215.45263599799
"1602",2663.38059082904
"1603",2234.8602800371
"1604",3041.32476134904
"1605",1221.22548997663
"1606",1764.87805088043
"1607",1793.27465375247
"1608",1422.36627319734
"1609",1269.3218018597
"1610",1254.22742281466
"1611",1158.52401256746
"1612",1025.40889484123
"1613",1827.8777314465
"1614",1820.09354235749
"1615",1807.74843448791
"1616",1860.41255684974
"1617",2006.29837189566
"1618",2284.60587278533
"1619",1779.02889844873
"1620",2114.87591920167
"1621",1511.67931668299
"1622",1510.39137539842
"1623",1590.20953094112
"1624",1574.88370973147
"1625",1518.53706726582
"1626",1556.56431777326
"1627",1506.9697242907
"1628",1513.63449559313
"1629",1498.76209255578
"1630",1491.06338186494
"1631",1536.42210589622
"1632",1469.89269915749
"1633",1443.79405889026
"1634",1515.04938512072
"1635",1573.35036287744
"1636",1590.31790676043
"1637",1769.95778171051
"1638",2100.23290411689
"1639",1660.36824121383
"1640",1908.12637424748
"1641",1542.42833735252
"1642",1649.90129178477
"1643",1601.15933137657
"1644",1597.88506818426
"1645",1847.1491602837
"1646",2263.57935314886
"1647",1808.41797039663
"1648",1858.29798602055
"1649",1916.05238353643
"1650",2008.90121468158
"1651",2169.04389311094
"1652",2438.41838662051
"1653",2441.33651340824
"1654",2031.85641720258
"1655",1243.22379816393
"1656",1261.38755128234
"1657",1261.4150540255
"1658",1258.74456672082
"1659",1312.71800827954
"1660",1319.70275391135
"1661",1318.99106186107
"1662",1370.84233252879
"1663",1407.86396359993
"1664",1318.52482971424
"1665",1363.99931582475
"1666",1418.12074057176
"1667",1561.87960652782
"1668",1583.1839793802
"1669",1591.97856530486
"1670",1644.50810779715
"1671",1512.44400244402
"1672",1203.83120034863
"1673",1591.24057150361
"1674",1680.00326480464
"1675",1304.76918026254
"1676",1417.50540050416
"1677",1271.00007484776
"1678",1498.50129968595
"1679",1269.60596355507
"1680",1776.882297894
"1681",1244.42685218528
"1682",1693.32613667905
"1683",1657.13811674827
"1684",1040.15285004539
"1685",1155.81254432276
"1686",1155.96438448906
"1687",1154.79902531555
"1688",1247.03331489187
"1689",1231.2208293084
"1690",1070.07933690521
"1691",1057.37125792867
"1692",1038.18936601019
"1693",991.18018676552
"1694",1271.88399152095
"1695",1046.00453753693
"1696",925.82315124454
"1697",870.568025998387
"1698",871.75119817216
"1699",980.214912448585
"1700",1816.98567407867
"1701",1692.46285749531
"1702",1853.59671393901
"1703",1822.61690908957
"1704",1988.33193824657
"1705",1896.71449938698
"1706",1719.19032347677
"1707",2016.64084612752
"1708",1601.88019986378
"1709",1431.88800232791
"1710",2036.27620250693
"1711",1704.9360855936
"1712",1094.38519988782
"1713",1130.9393708584
"1714",1148.62738955387
"1715",1105.394928064
"1716",1187.61419723273
"1717",1076.74254955025
"1718",1218.93819824942
"1719",1231.19765326819
"1720",1248.17753229791
"1721",1238.75800847589
"1722",1253.16585684239
"1723",1241.75546057404
"1724",1207.19044874555
"1725",1199.99734681155
"1726",1135.64954731909
"1727",1216.89658702732
"1728",1217.2940494903
"1729",1229.8307017045
"1730",1110.07670169775
"1731",1153.48606129752
"1732",1207.14137925945
"1733",1211.93805609846
"1734",768.114010051714
"1735",918.306665962521
"1736",741.197384923185
"1737",824.116579199668
"1738",755.723643969979
"1739",754.684444592497
"1740",729.866797394657
"1741",738.982590713063
"1742",796.11752541253
"1743",772.733136545329
"1744",744.52406312753
"1745",822.905177409348
"1746",951.317815262218
"1747",1146.76138167665
"1748",892.104925525548
"1749",1073.19585885035
"1750",991.915202886745
"1751",979.094220441992
"1752",950.367552928799
"1753",1439.99645853493
"1754",1015.37562276491
"1755",1143.43812808156
"1756",995.155148045999
"1757",972.6104941375
"1758",1478.40525872131
"1759",1200.48797652762
"1760",1287.67787968021
"1761",1208.82151084106
"1762",1092.07784481325
"1763",1234.41744252312
"1764",1160.76409716469
"1765",1202.27828463397
"1766",1210.9979232187
"1767",1227.44634218546
"1768",1315.15620222163
"1769",1127.61549070051
"1770",1229.94175702858
"1771",1426.17984784945
"1772",1318.7138850194
"1773",1298.96281327301
"1774",1409.64574104131
"1775",1459.4654925838
"1776",1460.11953766418
"1777",1423.8958486735
"1778",1351.7211537365
"1779",1327.97938825722
"1780",786.146520115287
"1781",920.466866240601
"1782",808.258048999425
"1783",827.259436510113
"1784",850.308435520777
"1785",965.902616536991
"1786",865.348444129173
"1787",868.165783769125
"1788",828.343381377323
"1789",968.108777928238
"1790",822.284249115594
"1791",893.767957691574
"1792",1019.24995624517
"1793",789.813121898684
"1794",802.369791507512
"1795",897.970407822984
"1796",874.363576093382
"1797",862.763007618677
"1798",845.333975960306
"1799",857.1988431056
"1800",859.406660724993
"1801",942.920345009168
"1802",866.508724752536
"1803",845.563262443197
"1804",995.465245832138
"1805",2441.67026240091
"1806",1152.34276647829
"1807",1445.07619054153
"1808",2563.39090190856
"1809",1059.03371802343
"1810",1970.36469325021
"1811",1234.33319551327
"1812",1316.28685066011
"1813",1719.71185879293
"1814",1288.13685463567
"1815",1480.57431495647
"1816",917.212753066894
"1817",1138.59268094005
"1818",1177.12343468229
"1819",2221.50719630471
"1820",925.79474684083
"1821",1760.05835370698
"1822",1384.50873400913
"1823",986.892753471879
"1824",968.785321580252
"1825",862.747850876636
"1826",822.062324855337
"1827",736.193754653348
"1828",753.198779984069
"1829",810.301926268408
"1830",782.230111950708
"1831",756.082727490195
"1832",798.874481888227
"1833",677.428231133054
"1834",676.309357624199
"1835",726.723603966772
"1836",694.687219346399
"1837",691.235049964145
"1838",708.49672081698
"1839",665.316302106826
"1840",662.083654877609
"1841",661.356689894232
"1842",1102.19663860681
"1843",818.685769671529
"1844",858.458215814724
"1845",843.413036924556
"1846",739.895645678712
"1847",758.075132757868
"1848",703.210647281642
"1849",714.389602919664
"1850",746.044410711478
"1851",734.758274294266
"1852",843.35298482583
"1853",860.013246615181
"1854",877.804639441046
"1855",901.13425052634
"1856",877.208875437566
"1857",874.089301708771
"1858",898.647902650131
"1859",893.498221568599
"1860",683.956789007391
"1861",690.011154013499
"1862",701.20063345879
"1863",722.263772165
"1864",732.531428104864
"1865",745.73852867444
"1866",771.397178079993
"1867",831.261980880336
"1868",778.2698839687
"1869",722.367070618362
"1870",715.259583334953
"1871",700.074397553904
"1872",693.490664707083
"1873",670.776652062863
"1874",895.258154757173
"1875",1838.16338483768
"1876",2828.56919530759
"1877",1907.69135044469
"1878",1942.11317908394
"1879",1944.36094918429
"1880",2087.9239234562
"1881",1931.7036756905
"1882",2154.91641275765
"1883",2005.91087959449
"1884",1853.77736994133
"1885",1592.79797355436
"1886",920.281000875694
"1887",1129.86082751745
"1888",1229.39183004393
"1889",1625.92310009993
"1890",1559.13450882642
"1891",1506.03029130497
"1892",1522.08437014437
"1893",1355.03864761697
"1894",1185.57304498761
"1895",956.516518052867
"1896",1079.33838744022
"1897",1019.74520280204
"1898",1150.58189549492
"1899",1194.99743492747
"1900",1154.64681839501
"1901",1206.93409734544
"1902",1535.93882485678
"1903",1295.14491333047
"1904",1593.86795622254
"1905",2108.44264805904
"1906",1559.29427735112
"1907",1259.98131745339
"1908",1274.84779693481
"1909",839.860761826601
"1910",822.369050269377
"1911",783.412626361439
"1912",768.509291173942
"1913",718.779694183226
"1914",712.585675859535
"1915",860.812000946705
"1916",712.702650933954
"1917",754.175246438025
"1918",752.41912625597
"1919",700.916756499485
"1920",727.603686666844
"1921",660.316022679129
"1922",677.592613998326
"1923",692.098647002735
"1924",735.406178353005
"1925",765.509541241902
"1926",810.346626415237
"1927",784.246981473989
"1928",784.378166049765
"1929",755.486303435938
"1930",726.470123893722
"1931",751.435307609384
"1932",775.701201518032
"1933",797.403872529938
"1934",821.11626094543
"1935",4437.52478873469
"1936",4483.92901188935
"1937",3777.1261696353
"1938",4107.15423227345
"1939",3677.85432723047
"1940",3192.53722251432
"1941",2034.4391777056
"1942",4210.85487720494
"1943",1617.66613378205
"1944",1691.08931804652
"1945",1779.082129657
"1946",2676.83923988494
"1947",5051.17516953231
"1948",1543.72956827857
"1949",5174.9882371456
"1950",5121.13673202038
"1951",2305.96129903813
"1952",3902.95348174289
"1953",1839.14329188875
"1954",4459.41014514508
"1955",2125.07560104953
"1956",2349.84793212937
"1957",2327.52180417528
"1958",2382.75066626508
"1959",2447.26904992491
"1960",2242.27245901564
"1961",2377.52617745124
"1962",2722.77094479466
"1963",2838.31149929667
"1964",3378.62500349128
"1965",3161.11788717713
"1966",2059.73800447
"1967",1829.62872207872
"1968",2942.42505062979
"1969",3493.41357361966
"1970",1587.92950470471
"1971",1829.45512236009
"1972",1503.45855345803
"1973",1316.41483299325
"1974",1301.23236606413
"1975",3216.03235742784
"1976",3358.17718426957
"1977",3384.92049791005
"1978",1883.60352416516
"1979",2002.30344824795
"1980",4019.98744324617
"1981",4346.88254172211
"1982",3722.20156937974
"1983",3623.6692084027
"1984",2939.46442005711
"1985",2538.76528238639
"1986",3554.34751848386
"1987",2332.16585310078
"1988",3274.07516817801
"1989",2554.17934620146
"1990",2561.97515424675
"1991",3652.33535851364
"1992",4424.22036992507
"1993",952.121147414447
"1994",1519.64177236063
"1995",1306.1485162042
"1996",1318.05579900753
"1997",1997.0539179783
"1998",1827.72343956794
"1999",2502.9312145508
"2000",2568.46304596058
"2001",2571.61383359552
"2002",2544.1905942107
"2003",2521.49802562594
"2004",2403.38636860316
"2005",2459.17965809413
"2006",2500.80034678279
"2007",2478.98684412592
"2008",2444.65098266407
"2009",2406.14328267407
"2010",2265.91790174327
"2011",2296.98505737667
"2012",2246.22268843407
"2013",2107.91560541143
"2014",2510.75308340343
"2015",2067.13750529284
"2016",2062.90044006358
"2017",2411.8159262965
"2018",2476.67580813267
"2019",2082.38294611844
"2020",1002.53484563918
"2021",2579.42917004148
"2022",2537.63312870559
"2023",2519.9478950843
"2024",2044.29897948348
"2025",2431.88631870379
"2026",2367.33263162662
"2027",934.149743996135
"2028",2518.64763818654
"2029",2590.86638675497
"2030",2424.61146289318
"2031",2468.86530428417
"2032",2518.03010339166
"2033",2571.95059832465
"2034",2531.26941690948
"2035",994.138574706688
"2036",1045.87516799151
"2037",3615.0703630548
"2038",1751.56499904472
"2039",2031.60669465602
"2040",2632.2974801125
"2041",2122.44905688024
"2042",1877.60169552408
"2043",1754.74121854181
"2044",2204.91738424172
"2045",2443.79375770204
"2046",2815.04916127763
"2047",1597.21120773407
"2048",2093.57590241228
"2049",2289.68509968783
"2050",1864.39921416642
"2051",1740.98832957635
"2052",2411.24993653431
"2053",2527.95889707258
"2054",2634.37834726921
"2055",2683.37351147243
"2056",2297.13276112824
"2057",2092.64399050978
"2058",1938.85975296682
"2059",1699.52466928355
"2060",2052.28753137524
"2061",3325.14605623677
"2062",1844.53580362367
"2063",2114.13920895022
"2064",1932.29491284895
"2065",1659.26872371738
"2066",1653.69291150257
"2067",3258.8645022219
"2068",2931.51031506564
"2069",2191.35107347348
"2070",1728.12746001243
"2071",3059.51864292961
"2072",2341.12036422849
"2073",1425.23838838448
"2074",1739.31676444102
"2075",1855.70628154305
"2076",1950.83158728875
"2077",1345.17117679249
"2078",1319.9575989053
"2079",1676.96357248886
"2080",1507.71144563675
"2081",1490.55188078918
"2082",1689.33327820594
"2083",1627.55098219882
"2084",2103.61693082477
"2085",1658.91092077785
"2086",1426.67232049033
"2087",1822.28152710981
"2088",2880.86682230891
"2089",2575.84092900128
"2090",2046.53660478932
"2091",1634.53676787314
"2092",1563.18904375706
"2093",1443.53202476269
"2094",1436.92099218933
"2095",3027.63992323646
"2096",1785.4731560627
"2097",1666.95066556988
"2098",1968.83059507456
"2099",2511.12422690333
"2100",1549.15043743598
"2101",2279.74760972615
"2102",2086.43952423708
"2103",1930.13738720464
"2104",2256.13657462737
"2105",2235.61382862664
"2106",2052.99973855538
"2107",1624.9792024737
"2108",1575.8738070234
"2109",2017.41677785309
"2110",1937.54350233901
"2111",1391.4295639338
"2112",1606.6494731922
"2113",1856.39681579088
"2114",2076.14830577574
"2115",1707.17345807996
"2116",2161.41975004245
"2117",2370.17525098142
"2118",1890.39301332749
"2119",1566.50569275053
"2120",1500.39389333143
"2121",1472.08635397081
"2122",1474.49831209948
"2123",1507.75236972449
"2124",1624.65524608555
"2125",1616.29494745982
"2126",1608.10714202888
"2127",1488.27745882542
"2128",2188.9206533002
"2129",1921.19101425405
"2130",2377.07808122809
"2131",2391.18160846269
"2132",2432.80891683859
"2133",2297.79074966394
"2134",967.163517959201
"2135",925.474975195253
"2136",718.333173180383
"2137",709.90597902348
"2138",1275.74229015872
"2139",1150.75708803886
"2140",1226.78212414279
"2141",1502.9807113154
"2142",1250.74264872381
"2143",1280.62285514109
"2144",1932.37145844011
"2145",774.586917920248
"2146",716.868686603293
"2147",1456.80285506702
"2148",717.999718518381
"2149",1240.51173544414
"2150",1298.56533912451
"2151",1202.18635710413
"2152",1694.85263760639
"2153",1822.81035362117
"2154",1506.52142780716
"2155",1175.98754899613
"2156",1245.36808938352
"2157",1926.45663594622
"2158",3031.11178794426
"2159",2407.4119865142
"2160",1151.20421284996
"2161",2617.64193803489
"2162",2608.66834186139
"2163",2225.76159922708
"2164",1839.97405426856
"2165",1821.99126073556
"2166",2545.08205083002
"2167",2080.37266498157
"2168",1461.46444664314
"2169",1213.85269489254
"2170",1419.86819731861
"2171",1423.13761286714
"2172",1413.69084844836
"2173",1361.6510996508
"2174",1366.66532205203
"2175",1361.09854516777
"2176",1368.84455438458
"2177",1314.01160066639
"2178",1229.25609347328
"2179",1220.47832156187
"2180",1400.12407845208
"2181",1326.56777631568
"2182",1246.37366780704
"2183",1234.63150399388
"2184",1547.06363627703
"2185",1110.4361021229
"2186",1772.5202259059
"2187",892.541851178212
"2188",854.207115188392
"2189",912.175789673856
"2190",1013.78486399424
"2191",1379.98328144486
"2192",1123.82900686986
"2193",1330.84833356514
"2194",1337.12232282839
"2195",1037.8081363733
"2196",1057.84866291138
"2197",1019.50927280589
"2198",1034.13158736268
"2199",1075.21869570168
"2200",1096.79773910214
"2201",1061.54274302955
"2202",1012.24901027283
"2203",992.615690968397
"2204",976.522393000632
"2205",1263.1617025103
"2206",1203.77509061216
"2207",1170.9905398059
"2208",968.09441530366
"2209",1113.56767859879
"2210",1082.51538552423
"2211",1081.85187785566
"2212",1699.7060568605
"2213",1334.57591403577
"2214",1317.38475340547
"2215",1676.609775955
"2216",1694.67616016029
"2217",1426.22153449729
"2218",2189.03467574308
"2219",1847.42699634706
"2220",1800.73503238017
"2221",1733.75929689993
"2222",2224.42673080643
"2223",1704.4074892385
"2224",1702.32498769892
"2225",2056.36242516562
"2226",1637.94033955718
"2227",1737.12549118774
"2228",2034.08683500473
"2229",1585.04904509442
"2230",1679.99521615474
"2231",1781.70151131687
"2232",921.735172638747
"2233",667.658406232398
"2234",664.86574044
"2235",982.61080224243
"2236",964.804298047427
"2237",1296.99761073614
"2238",1253.51079264959
"2239",1161.99632716366
"2240",1620.26026115793
"2241",1392.26157235669
"2242",1924.54161193297
"2243",1744.81944918102
"2244",2151.11556815936
"2245",1906.46150542356
"2246",925.655445431249
"2247",968.037574143794
"2248",934.837104326305
"2249",921.448901855205
"2250",948.586659607821
"2251",998.603725377389
"2252",868.389805391792
"2253",900.841972726349
"2254",870.980463044931
"2255",828.333326815399
"2256",939.81657784128
"2257",863.404410566137
"2258",919.324879835549
"2259",1068.37375260897
"2260",945.285965092383
"2261",922.0605980273
"2262",985.43406544987
"2263",1039.24285725947
"2264",1066.02740076666
"2265",1197.7146230649
"2266",1230.23724525631
"2267",1219.45198185914
"2268",1207.31508990762
"2269",1211.56884646646
"2270",1269.99876611663
"2271",1212.05199018179
"2272",1586.01211967883
"2273",1429.83236164653
"2274",1472.75555726476
"2275",1594.37476694282
"2276",1315.47872853872
"2277",1291.86862363025
"2278",1386.90589826758
"2279",1427.54725102323
"2280",2057.21839452352
"2281",1985.39460504483
"2282",1757.27782014076
"2283",1707.47930324017
"2284",1565.65834435428
"2285",1546.25469866177
"2286",1283.43644863117
"2287",1552.71166450782
"2288",1336.14678377614
"2289",1368.67335925953
"2290",1319.61311108027
"2291",1370.21010880939
"2292",1324.75506489103
"2293",1566.05129229675
"2294",1223.1770964469
"2295",1356.72643531574
"2296",1352.63283777425
"2297",1498.13887309949
"2298",1514.85891997548
"2299",1336.57572538713
"2300",1656.77130604306
"2301",1639.74355459159
"2302",1368.61905833258
"2303",1282.32531292093
"2304",907.33541045946
"2305",873.187740919978
"2306",901.516510314416
"2307",932.338214162364
"2308",918.291336912214
"2309",1658.05844688265
"2310",1085.89405603392
"2311",1032.61623742535
"2312",1521.71577797455
"2313",1218.10516460013
"2314",1593.37978860798
"2315",1595.83014633353
"2316",1263.97606681924
"2317",1359.00901148545
"2318",1755.9339886005
"2319",1647.24360277509
"2320",1599.44024010508
"2321",1053.01704665809
"2322",1148.57916791494
"2323",1589.16573856704
"2324",1627.48395935136
"2325",1674.81351832651
"2326",1700.64184698145
"2327",1877.72452022421
"2328",1945.2224340311
"2329",1587.82535531315
"2330",1803.53970570136
"2331",1816.46751143411
"2332",1601.76273431569
"2333",2037.65431257091
"2334",1996.22931782769
"2335",1929.77459932511
"2336",1862.54183781442
"2337",1998.53851321664
"2338",1896.72904627971
"2339",1791.2365446998
"2340",2050.63638376779
"2341",2056.48688210035
"2342",1099.47177154042
"2343",1144.60456037921
"2344",2067.99513265334
"2345",1045.97824660692
"2346",1587.91901896056
"2347",2084.82978776647
"2348",923.674830715282
"2349",912.044407985372
"2350",907.55479484513
"2351",936.843106518909
"2352",1023.8806510342
"2353",929.842550030765
"2354",1787.58410960366
"2355",1746.32631318958
"2356",1805.03902809379
"2357",1739.2222424911
"2358",1778.30863861899
"2359",1764.62231235762
"2360",1712.75560810294
"2361",1689.98099755995
"2362",1636.28911512584
"2363",1594.05886366568
"2364",1626.72882149912
"2365",1599.45289174178
"2366",1604.73262447433
"2367",1481.90260211181
"2368",1513.93596444625
"2369",1544.92692563124
"2370",1445.31836937493
"2371",1475.56077360413
"2372",1558.66829689327
"2373",1541.57505103311
"2374",994.358138246033
"2375",990.03199071547
"2376",1003.90864565642
"2377",1125.48541455399
"2378",1138.35806741727
"2379",1371.18363820414
"2380",1372.07765764759
"2381",1315.73651610319
"2382",1000.5627279956
"2383",1184.07966407941
"2384",1245.15477850994
"2385",1332.30511262936
"2386",1291.73059874722
"2387",1298.12221270174
"2388",1363.82686378762
"2389",797.919855116539
"2390",1028.20481739558
"2391",1070.41512328645
"2392",932.824121929362
"2393",1105.99462223855
"2394",1027.46018420613
"2395",1577.92483561727
"2396",1539.97325289138
"2397",1908.73957906472
"2398",1484.55531105061
"2399",985.27936790931
"2400",1093.27772760983
"2401",977.890502225367
"2402",864.855894581128
"2403",912.64622081296
"2404",1175.82123605618
"2405",1066.04765708525
"2406",1096.08898726672
"2407",1104.87110949513
"2408",1011.02716389827
"2409",1130.68525970205
"2410",1177.35518156576
"2411",1022.14296018527
"2412",735.136403659942
"2413",667.357582892498
"2414",1216.71538642897
"2415",1224.55165824256
"2416",1185.52868715935
"2417",1279.16322389261
"2418",848.094402393831
"2419",1021.49942714177
"2420",897.170044100245
"2421",865.626109986316
"2422",928.37182207955
"2423",970.52398422995
"2424",1048.23265589533
"2425",1019.15997050767
"2426",987.798128157298
"2427",959.103494773508
"2428",973.436515964348
"2429",749.971679806402
"2430",1108.51978098927
"2431",1099.52884604011
"2432",1352.80924628604
"2433",1359.8830607797
"2434",1288.4174885097
"2435",1113.11560893865
"2436",1481.02574136918
"2437",1371.41288953979
"2438",1383.48243953863
"2439",1562.32364048757
"2440",1347.30702507558
"2441",1325.6822548752
"2442",1400.10057193751
"2443",1257.11680356931
"2444",1349.18996091694
"2445",1329.07386417757
"2446",1381.36521859963
"2447",1297.6951451234
"2448",1584.50849849512
"2449",1379.08192302467
"2450",1378.82462752448
"2451",1320.7872113964
"2452",1341.15464132236
"2453",1349.68357548786
"2454",1162.31941284765
"2455",1305.65569095334
"2456",2741.81733144222
"2457",2871.04776776066
"2458",1208.82977389416
"2459",1787.71090216605
"2460",1622.52139320214
"2461",1454.20637496894
"2462",1458.20034230065
"2463",1426.60266428054
"2464",1323.04501817387
"2465",1298.06664399918
"2466",1437.13195240793
"2467",2248.16875098867
"2468",1521.05249297592
"2469",1145.17351132515
"2470",1462.25490879404
"2471",2878.86759226588
"2472",1240.82297086076
"2473",1535.02027263139
"2474",1249.44545436221
"2475",1179.6528346755
"2476",783.947388407758
"2477",830.736701098737
"2478",859.094780868529
"2479",983.226529789115
"2480",846.030704508119
"2481",844.722629237353
"2482",850.207381591193
"2483",808.828259409908
"2484",824.804366705322
"2485",925.736942432567
"2486",801.500057564531
"2487",819.599051746907
"2488",965.0019836561
"2489",741.048753629088
"2490",735.097830523889
"2491",750.510308164417
"2492",852.222433516959
"2493",823.518907100413
"2494",837.990915374657
"2495",748.419445089307
"2496",738.874607722542
"2497",1338.94808856276
"2498",832.34607378814
"2499",778.596846863803
"2500",748.344745515258
"2501",771.949455892204
"2502",856.317843501387
"2503",737.025556502408
"2504",839.474082822154
"2505",800.856205595865
"2506",908.835106197599
"2507",828.929486205856
"2508",804.332936850878
"2509",841.71082182902
"2510",1000.02579702672
"2511",995.975748847691
"2512",1718.15768483428
"2513",1904.18050490124
"2514",1495.81301300713
"2515",1234.47677858356
"2516",1362.63979906482
"2517",1170.24498159621
